{"metadata":{"asset_id":"f6804bd3-b4a4-43fd-b84d-5d3ea595084c","asset_attributes":["wml_pipeline"],"name":"myML","asset_type":"wml_pipeline","created_at":"2020-10-13T13:16:54Z","description":"My machine learning implementation","origin_country":"us","owner_id":"IBMid-550008V5K1","project_id":"9cfe49c5-3c01-4a48-b37b-9a1e793228f3","sandbox_id":"9cfe49c5-3c01-4a48-b37b-9a1e793228f3","size":0,"tags":["dsx-project.9cfe49c5-3c01-4a48-b37b-9a1e793228f3"],"usage":{"last_update_time":1602595014499,"last_updated_at":"2020-10-13T13:16:54Z"}},"entity":{"wml_pipeline":{"document":{"doc_type":"pipeline","pipelines":[{"id":"autoai","nodes":[{"id":"automl","op":"kube","parameters":{"input_file_separator":",","optimization":{"compute_pipeline_notebooks_flag":true,"daub_adaptive_subsampling_max_mem_usage":15000000000,"holdout_param":0.1,"label":"status","learning_type":"classification","max_num_daub_ensembles":2,"run_cognito_flag":true,"scorer_for_ranking":"accuracy"},"output_logs":true,"stage_flag":true},"runtime_ref":"autoai","type":"execution_node"}],"runtime_ref":"hybrid"}],"primary_pipeline":"autoai","runtimes":[{"app_data":{"wml_data":{"hardware_spec":{"base_id":"a6c4923b-b8e4-444c-9f43-8a7ec3020110","name":"L"}}},"id":"autoai","name":"auto_ai.kb"}],"version":"2.0"},"ml_version":"4.0.0"}}}
