{"metadata":{"asset_id":"0e2db984-be01-453d-92e8-6f95b2e460df","asset_attributes":["wml_model"],"name":"myML - P1 DecisionTreeClassifierEstimator","asset_type":"wml_model","created_at":"2020-10-13T13:27:29Z","description":"Best performer","origin_country":"us","owner_id":"IBMid-550008V5K1","project_id":"9cfe49c5-3c01-4a48-b37b-9a1e793228f3","sandbox_id":"9cfe49c5-3c01-4a48-b37b-9a1e793228f3","size":6994,"tags":[],"usage":{"last_update_time":1602595656309,"last_updated_at":"2020-10-13T13:27:36Z"}},"entity":{"wml_model":{"hybrid_pipeline_software_specs":[{"base_id":"d139f196-e04b-5d8b-9140-9a10ca1fa91a","name":"autoai-kb_3.0-py3.6"}],"pipeline":{"id":"f6804bd3-b4a4-43fd-b84d-5d3ea595084c"},"ml_version":"4.0.1","type":"wml-hybrid_0.1","schemas":{"input":[{"fields":[{"name":"Age","type":"integer"},{"name":"Temperature","type":"double"},{"name":"Systolic","type":"integer"},{"name":"Diastolic","type":"integer"},{"name":"Pulse","type":"integer"}],"id":"auto_ai_kb_input_schema"}],"output":[]},"content_location":{"connection":{"access_key_id":"37c8ad83df6a4783b7b5a185b60bc230","endpoint_url":"https://s3-api.us-geo.objectstorage.softlayer.net","secret_access_key":"87a821f241d9c52792760fa510fc96da971dc29f16f985b8","accessKeyId":"37c8ad83df6a4783b7b5a185b60bc230"},"contents":[{"content_format":"pipeline-node","file_name":"P1_automl.zip","location":"auto_ml/b2587375-5c39-4985-949f-9775d299b0b5/wml_data/61249db0-232d-406c-9526-acbefb7a6d61/assets/61249db0-232d-406c-9526-acbefb7a6d61_P1_pre_hpo_d_output/resources/wml_model/P1_automl.zip","pipeline_node_id":"automl"},{"content_format":"native","file_name":"pipeline_model.json","location":"auto_ml/b2587375-5c39-4985-949f-9775d299b0b5/wml_data/61249db0-232d-406c-9526-acbefb7a6d61/assets/61249db0-232d-406c-9526-acbefb7a6d61_P1_pre_hpo_d_output/resources/wml_model/pipeline_model.json"}],"location":{"path":"auto_ml/b2587375-5c39-4985-949f-9775d299b0b5/wml_data","training":"auto_ml/b2587375-5c39-4985-949f-9775d299b0b5/wml_data/61249db0-232d-406c-9526-acbefb7a6d61","training_status":"auto_ml/b2587375-5c39-4985-949f-9775d299b0b5/wml_data/61249db0-232d-406c-9526-acbefb7a6d61/training-status.json","bucket":"remotehealthmonitoringsystem-donotdelete-pr-wohmncxd9aieoi","type":"s3","assets_path":"auto_ml/b2587375-5c39-4985-949f-9775d299b0b5/wml_data/61249db0-232d-406c-9526-acbefb7a6d61/assets"},"type":"s3"},"training_data_references":[{"connection":{"endpoint_url":"https://s3-api.us-geo.objectstorage.softlayer.net","auth_endpoint":"https://iam.bluemix.net/oidc/token/","api_key":"x9YX-gKFISPTc3ZnCiYcdRtHzrP-QkJogJsIM4Z6L34W","secret_access_key":"87a821f241d9c52792760fa510fc96da971dc29f16f985b8","access_key_id":"37c8ad83df6a4783b7b5a185b60bc230","service_instance_id":"iam-ServiceId-e6a22411-1773-493d-8048-afa42af62f19"},"location":{"bucket":"remotehealthmonitoringsystem-donotdelete-pr-wohmncxd9aieoi","path":"Health dataset.csv","type":"s3"},"type":"s3"}],"software_spec":{"base_id":"8c1a58c6-62b5-4dc4-987a-df751c2756b6","name":"hybrid_0.1"},"content_import_state":"completed"}},"attachments":[{"id":"7e1ce62d-0074-4210-9222-cb94c0fa7056","version":2,"asset_type":"wml_model","name":"P1_automl.zip","datasource_type":"193a97c1-4475-4a19-b90c-295c4fdc6517","creator_id":"IBMid-550008V5K1","create_time":1602595651038,"size":5520,"is_remote":false,"is_managed":true,"is_referenced":false,"is_object_key_read_only":false,"is_user_provided_path_key":false,"transfer_complete":true,"is_partitioned":false,"complete_time_ticks":1602595653340,"user_data":{"content_format":"pipeline-node","pipeline_node_id":"automl"},"test_doc":0,"handle":{"bucket":"remotehealthmonitoringsystem-donotdelete-pr-wohmncxd9aieoi","location":"us-geo","type":"bluemix_cos","key":"7d1247c2-0924-4cff-90fd-2d2052f0809f/0e2db984-be01-453d-92e8-6f95b2e460df/7e1ce62d-0074-4210-9222-cb94c0fa7056","upload_id":"done","max_part_num":1},"usage":{"access_count":0,"last_accessor_id":"IBMid-550008V5K1","last_access_time":1602595651038}},{"id":"a9f4e4f3-434e-4dbc-a3f3-fb78b03de2b4","version":2,"asset_type":"wml_model","name":"pipeline_model.json","datasource_type":"193a97c1-4475-4a19-b90c-295c4fdc6517","creator_id":"IBMid-550008V5K1","create_time":1602595654304,"size":1474,"is_remote":false,"is_managed":true,"is_referenced":false,"is_object_key_read_only":false,"is_user_provided_path_key":false,"transfer_complete":true,"is_partitioned":false,"complete_time_ticks":1602595656140,"user_data":{"content_format":"native"},"test_doc":0,"handle":{"bucket":"remotehealthmonitoringsystem-donotdelete-pr-wohmncxd9aieoi","location":"us-geo","type":"bluemix_cos","key":"7d1247c2-0924-4cff-90fd-2d2052f0809f/0e2db984-be01-453d-92e8-6f95b2e460df/a9f4e4f3-434e-4dbc-a3f3-fb78b03de2b4","upload_id":"done","max_part_num":1},"usage":{"access_count":0,"last_accessor_id":"IBMid-550008V5K1","last_access_time":1602595654304}}]}
